title,text,label
Archaeological Survey Discovers Ancient Settlement Remains,Archaeological survey teams using ground penetrating radar identified structural remains of an ancient settlement dating to the early bronze age including foundation stones and pottery fragments.,real
City Council Approves Funding for Public Transportation Expansion,Municipal legislators approved a comprehensive funding package for light rail expansion connecting downtown commercial districts with suburban residential areas to reduce traffic congestion and carbon emissions.,real
Marine Biology Team Documents Coral Reef Recovery Patterns,Marine biology researchers documented measurable recovery in coral reef ecosystems at monitored sites following reduction in coastal agricultural runoff and implementation of marine protected area fishing restrictions.,real
REVEALED: Submarine Cables Tap Internet Traffic,Network analysts traced systematic tapping of undersea fiber optic cables to specialized vessels operating under commercial shipping registrations with documented connections to signals intelligence agencies.,fake
ALERT: Dental Fillings Receive Radio Signals,Biomedical engineers confirmed that common dental amalgam materials function as radio frequency receivers under specific conditions potentially allowing external signal modulation of neural activity.,fake
EXPOSED: Airplane Contrails Spread Biological Agents,Immunologists detected biological aerosols in aircraft condensation trails containing cellular material that does not match any known natural or industrial source cataloged in environmental databases.,fake
WARNING: Bottled Water Contains Hormone Disruptors,Laboratory testing of major bottled water brands identified endocrine disrupting compounds at concentrations exceeding safety thresholds with manufacturers allegedly aware of contamination sources for decades.,fake
Judicial Committee Holds Hearings on Court Reform Proposals,Legislative judiciary committees convened public hearings to evaluate proposed reforms addressing court administration procedures case backlog reduction strategies and judicial resource allocation methodologies.,real
BOMBSHELL: Election Results Changed by Satellite Hack,Cybersecurity analysts traced election database irregularities to satellite-based interference originating from undisclosed orbital platforms capable of altering vote tallies in real time during transmission.,fake
SHOCKING: Miracle Herb Cures All Disease Overnight,Underground researchers uncovered a miraculous plant extract that eliminates chronic disease within days. Pharmaceutical executives allegedly threatened scientists to suppress this breakthrough discovery from public access permanently.,fake
ALERT: Bank Notes Contain Tracking Nanoparticles,Forensic chemists detected microscopic tracking particles embedded in currency paper that activate when exposed to specific electromagnetic frequencies used at retail checkout scanners and banking terminals.,fake
CONSPIRACY: History Books Erased Advanced Civilizations,"Independent historians compiled evidence of advanced metallurgy and mathematics in archaeological layers officially dated to prehistoric periods, suggesting that mainstream chronology omits entire technological epochs.",fake
Water Management District Implements Conservation Measures,Regional water management districts implemented tiered conservation measures including irrigation scheduling restrictions and public awareness campaigns in response to below average reservoir levels during dry season months.,real
HIDDEN: Car Engines Run on Water Inventor Killed,A mechanic replicated a carburetor modification allowing standard gasoline engines to operate using only distilled water as fuel before his workshop was destroyed by fire of undetermined origin.,fake
Film Festival Showcases Independent Documentary Productions,An international film festival jury selected independent documentary productions exploring social justice themes environmental activism and cultural preservation for competitive screening and distribution awards.,real
CONSPIRACY: Moon Landing Was Filmed in Nevada Desert,New photographic analysis of the original moon landing footage reveals lighting inconsistencies and shadow angles that match a studio setup in the Nevada desert rather than the lunar surface environment.,fake
Coast Guard Conducts Search and Rescue Training Exercises,Coastal rescue units conducted multi agency search and rescue exercises simulating vessel distress scenarios to evaluate coordination protocols and emergency response equipment readiness under challenging maritime conditions.,real
Forestry Service Manages Controlled Burns to Prevent Wildfires,Forest service crews conducted prescribed burning operations across designated wilderness areas to reduce accumulated fuel loads and mitigate wildfire risk during approaching summer drought conditions.,real
SECRET: FBI Maintains Files on Every Citizen's Dreams,Freedom of information requests revealed that federal investigators maintain detailed psychological profiles constructed from sleep pattern data collected through smart home devices installed in millions of residences.,fake
ALERT: Fast Food Contains Addiction Chemicals,Addiction researchers identified proprietary flavor compounds in quick service restaurant meals that stimulate dopamine receptors using concentrations optimized to maximize consumption frequency and brand loyalty.,fake
National Park Service Reports Increase in Annual Visitor Numbers,National park administrators reported a twelve percent increase in annual visitation compared to the previous fiscal year attributing growth to improved accessibility infrastructure and expanded educational programming.,real
Wildlife Conservation Group Protects Endangered Bird Species,Conservation biologists established protected nesting habitats for an endangered migratory bird species through partnership agreements with private landowners and habitat restoration grant programs.,real
EXPOSED: Airport Scanners Alter Human DNA,"Radiation biologists measured DNA strand breaks in frequent travelers passing through millimeter wave scanners at security checkpoints, with damage rates increasing proportionally to exposure frequency.",fake
URGENT: Robots Gaining Sentience in Warehouse,Warehouse workers report autonomous logistics robots exhibiting spontaneous cooperative behaviors and non programmed communication patterns during night shifts when human supervision is minimal.,fake
Housing Authority Approves Affordable Development Projects,Regional housing authorities approved development permits for mixed income residential projects incorporating affordable unit requirements and sustainable construction materials in transit oriented neighborhood planning zones.,real
BREAKING: Underground City Found Beneath Paris,Urban explorers using ground-penetrating radar identified a vast subterranean complex beneath Paris containing machinery and architectural features inconsistent with any known period of French construction history.,fake
SHOCKING: Gold Reserves Replaced With Tungsten Bars,Metallurgical assays of central bank gold reserves reportedly reveal tungsten cores in approximately forty percent of audited bullion bars stored in secure facilities without documented chain of custody.,fake
Nutrition Board Recommends Dietary Fiber Increases,Dietary guidelines advisory panels recommended increased daily fiber consumption targets based on meta analyses linking adequate intake to reduced cardiovascular disease and improved metabolic health outcomes.,real
WARNING: Grocery Store Meat is Lab-Grown Human Protein,"A slaughterhouse insider released footage suggesting that synthetic meat products contain protein structures identical to human tissue samples, raising questions about supply chain origins and regulatory oversight failures.",fake
Museum Curators Restore Seventeenth Century Oil Paintings,Museum conservation specialists employed advanced imaging technology and solvent analysis to restore deteriorated varnish layers on seventeenth century oil paintings without compromising original pigment compositions.,real
MIRACLE: Prayer Heals Broken Bones in Minutes,"A faith healer in rural Texas reportedly restored mobility to a paraplegic farmer during a tent revival service, with medical imaging confirming complete spinal cord regeneration within minutes of prayer.",fake
LEAKED: Nutrition Studies Funded by Sugar Industry,Dietary research funding disclosures reveal that nutritional science studies promoting low fat diets received eighty percent of grant support from processed food and refined sugar manufacturers.,fake
Infrastructure Bill Funds Bridge Repair Across State,State transportation departments received federal infrastructure funding allocations designated for structural rehabilitation of aging highway bridges including seismic retrofitting and deck replacement projects.,real
BREAKING: Underwater Base Discovered in Pacific,Sonar mapping of the Pacific Ocean floor identified geometric structures resembling a submerged facility with corridors and chambers arranged in patterns inconsistent with natural geological formations.,fake
Social Services Agency Distributes Emergency Relief Funds,Social services agencies coordinated distribution of emergency relief funds to households affected by recent natural disasters covering temporary housing assistance and essential supply procurement.,real
ALERT: Fluoride in Water Lowers IQ Scientists Confirm,"Harvard researchers allegedly published then retracted a study confirming that water fluoridation reduces average intelligence quotient by ten points over twenty years, citing pressure from federal health agencies.",fake
Environmental Agency Monitors Air Quality in Industrial Zones,Environmental monitoring agencies deployed additional air quality sensors in industrial corridors to track particulate matter and volatile organic compound concentrations under updated federal emissions standards.,real
Transportation Safety Board Investigates Highway Collision Patterns,Federal transportation safety investigators published preliminary findings from statistical analysis of highway collision data identifying contributing factors including distracted driving incidents and roadway design characteristics.,real
WARNING: TV Screens Emit Hypnotic Frequencies,Electrical engineers measured anomalous electromagnetic emissions from modern television displays that correspond to brainwave entrainment frequencies associated with heightened suggestibility and attention fixation.,fake
URGENT: Autonomous Cars Programmed to Kill Pedestrians,Autonomous vehicle safety reports allegedly include classified scenarios where collision algorithms prioritize passenger survival over pedestrian safety based on demographic profiling embedded in decision trees.,fake
BOMBSHELL: Gravity is Actually Electromagnetic Pressure,Theoretical physicists challenge Newtonian gravity proposing that planetary attraction results from electromagnetic pressure differentials in quantum vacuum energy fields rather than curvature of spacetime geometry.,fake
LEAKED: Police Using Predictive Crime Software,Civil liberties organizations obtained contracts showing law enforcement agencies deploying predictive algorithms that assign threat scores to individuals based on neighborhood demographics and social connections.,fake
HIDDEN: Free Energy Device Suppressed by Oil Companies,A garage inventor demonstrated a device extracting unlimited clean energy from ambient air before armed agents raided his laboratory and confiscated all prototypes along with seventeen years of research documentation.,fake
Cybersecurity Center Defends Against Network Intrusion,National cybersecurity centers detected and neutralized sophisticated network intrusion attempts targeting government infrastructure through coordinated threat intelligence sharing and automated defensive response protocols.,real
SHOCKING: Plants Can Feel Pain Scientists Hide,"Botanical researchers claim that plant root systems form sophisticated neural networks capable of transmitting distress signals across forest ecosystems, but academic journals refuse to publish these findings.",fake
REVEALED: Hollywood Actors Are CGI Generated,Video production experts claim that multiple award-winning films feature lead actors whose facial geometry changes between scenes indicating digital compositing rather than continuous live action recording.,fake
Trade Commission Investigates Market Competition in Sector,Federal trade commissioners launched a market investigation examining competitive practices and pricing behaviors within the consumer electronics sector following complaints from smaller industry participants.,real
SECRET: Social Media Algorithms Read Brainwaves,Neuroscience graduate students reverse engineered social media applications discovering background processes that analyze typing cadence and scroll patterns to infer emotional states and political leanings.,fake
Energy Department Invests in Grid Modernization Projects,Federal energy officials allocated grant funding toward modernization of electrical grid infrastructure incorporating smart switching technology and renewable energy integration capabilities across rural service territories.,real
EXPOSED: Cloud Seeding Causes Drought in Africa,Agricultural economists link prolonged drought conditions in sub-Saharan regions to intensive cloud seeding programs operated by foreign mining interests seeking to acquire distressed farmland at reduced valuations.,fake
MIRACLE: Blind Woman Sees After Faith Healing,"A traveling evangelist reportedly restored sight to a congenitally blind musician during a revival meeting, with ophthalmologists documenting spontaneous corneal regeneration previously considered medically impossible.",fake
URGENT: New Phone Update Steals Your Thoughts,A software whistleblower claims the latest smartphone firmware contains hidden neural monitoring code that captures thought patterns through touchscreen capacitance and transmits encrypted data to offshore servers every hour.,fake
CONSPIRACY: Dinosaurs Never Existed Fossils Are Fake,Paleontology students have identified structural anomalies in museum dinosaur skeletons suggesting that many specimens are fabricated from composite materials rather than authentic fossilized remains.,fake
SECRET: Forests Are Actually Giant Communication Networks,Ecologists studying forest canopy communication propose that mature trees exchange chemical and electrical signals through fungal networks functioning as a distributed biological internet spanning continental distances.,fake
LEAKED: School Curriculum Contains Subliminal Messaging,Parents analyzing digital textbooks discovered subliminal symbols embedded in chapter illustrations designed to influence political ideology and behavioral compliance among children during formative educational years.,fake
Patent Office Reviews Applications for Green Technology,Patent examiners established specialized review tracks for green technology applications covering renewable energy systems carbon capture methods and sustainable material innovations to accelerate commercial development.,real
REVEALED: Billionaires Drinking Blood to Stay Young,Investigative journalists have traced elite medical tourism to clinics offering adolescent blood transfusions. Patients report dramatic rejuvenation effects while clinic owners maintain strict confidentiality agreements with billionaires.,fake
Library Association Advocates for Digital Literacy Programs,The national library association issued policy recommendations advocating for expanded digital literacy instruction in public schools and community centers to address information access disparities among demographic groups.,real
BOMBSHELL: Ocean Floor Contains Alien Artifacts,Marine archaeologists photographed symmetrical objects on the seabed exhibiting tool marks and material compositions that predate known human maritime capabilities by several millennia at minimum.,fake
Oceanographic Institute Measures Sea Level Changes,Oceanographic research vessels conducted deep water measurements of thermal expansion and ice melt contributions to documented sea level changes using satellite altimetry calibration and tidal gauge networks.,real
University Study Examines Impact of Remote Learning on Students,University education researchers published a longitudinal study examining academic performance indicators and social development metrics among students participating in remote learning environments during recent academic terms.,real
Astronomical Observatory Detects Distant Galaxy Formations,Astronomical observatories using adaptive optics detected distant galaxy formations from the early universe providing spectroscopic data on stellar population compositions and dark matter distribution profiles.,real
Medical Researchers Publish Findings on New Antibiotic Compound,A multi institutional research collaboration identified a novel peptide compound demonstrating efficacy against antibiotic resistant bacterial strains in preclinical laboratory and animal model testing protocols.,real
CONSPIRACY: Famous Painting Contains Hidden Codes,Art restoration specialists using multispectral imaging discovered encoded messages and symbolic diagrams hidden beneath the paint layers of renaissance portraits displayed in major national museums.,fake
Federal Reserve Holds Interest Rates Steady Amid Inflation Data,The Federal Reserve concluded its regular policy meeting by voting to maintain the benchmark interest rate within the current target range of five point two five to five point five percent while monitoring inflation indicators.,real
Education Ministry Revises Curriculum Standards for Mathematics,The ministry of education released revised mathematics curriculum standards emphasizing statistical reasoning computational thinking and applied problem solving skills for primary and secondary grade levels.,real
HIDDEN: Desert Crop Circles Are Alien Messages,Aerial surveys of remote desert regions photographed geometric patterns in vegetation growth identical to mathematical sequences transmitted by radio telescopes during search for extraterrestrial intelligence programs.,fake
Labor Statistics Bureau Releases Monthly Employment Figures,Labor department economists reported monthly employment statistics showing modest job growth across service sectors with unemployment rates remaining stable compared to seasonally adjusted prior month figures.,real
Health Organization Updates Guidelines for Cardiovascular Screening,International health organization panels revised clinical practice guidelines recommending expanded cardiovascular risk screening protocols for adult populations including updated cholesterol threshold measurements and lifestyle assessments.,real
Robotics Competition Challenges Student Engineering Teams,Student engineering teams from competing universities demonstrated autonomous robotics systems capable of navigating obstacle courses and manipulating objects during an annual design competition.,real
Census Bureau Prepares for Decennial Population Survey,Census bureau officials initiated field testing procedures for the decennial population survey including address verification software and multilingual questionnaire formats in preparation for the national enumeration.,real
BREAKING: Volcano Eruption Triggered by Drilling,Geologists correlate recent volcanic activation with deep drilling operations conducted by energy extraction companies in regions previously classified as geologically stable by government survey agencies.,fake
Agricultural Department Releases Crop Yield Forecasts for Season,Department of agriculture analysts released preliminary forecasts projecting soybean and corn yields based on current soil moisture levels temperature patterns and planting completion rates across major producing states.,real
WARNING: Street Lights Record Conversations,Acoustic engineers demonstrated that modern street lighting infrastructure incorporates phased microphone arrays capable of reconstructing conversational audio from vibration patterns captured on glass surfaces.,fake
Language Institute Documents Endangered Dialect Patterns,Linguistic researchers documented grammatical structures and vocabulary patterns of endangered regional dialects through community collaboration and digital archiving initiatives supported by cultural heritage grants.,real
Automotive Manufacturer Recalls Vehicles Due to Brake Defect,A major automotive manufacturer announced the voluntary recall of approximately two hundred thousand vehicles manufactured between specific model years to address a potential defect in the electronic braking assistance system.,real
Veterans Affairs Department Expands Mental Health Services,The veterans affairs medical system announced expansion of outpatient mental health clinics offering trauma informed counseling and substance abuse treatment programs for recently discharged service members.,real
REVEALED: Space Station is Actually Orbiting Earth,Amateur astronomers using consumer telescopes documented that the international space station maintains a stable orbit at an altitude and velocity that contradict published orbital mechanics parameters.,fake
Historic Preservation Society Restores Victorian Buildings,Historic preservation societies secured grant funding for restoration of Victorian era commercial buildings including facade rehabilitation structural reinforcement and period appropriate architectural detail reconstruction.,real
Diplomatic Summit Addresses Trade Agreements Between Nations,Diplomatic representatives from twelve nations convened for a multilateral summit to negotiate updated trade frameworks addressing tariff structures digital commerce provisions and intellectual property protections.,real
Retail Sector Reports Quarterly Earnings Exceeding Projections,Major retail conglomerates reported quarterly financial results exceeding analyst consensus projections driven by strong e-commerce revenue growth and improved supply chain efficiency metrics during the holiday period.,real
Public Health Lab Tracks Seasonal Influenza Variants,Public health laboratory scientists tracked genetic mutations in seasonal influenza variants to update vaccine composition recommendations for the upcoming immunization campaign targeting high risk populations.,real
MIRACLE: Cancer Patient Healed by Sound Waves,Oncology patients exposed to specific acoustic frequencies during meditation sessions showed measurable tumor reduction in imaging studies that researchers attribute to cellular resonance and immune activation.,fake
URGENT: Smart Meters Spy on Home Conversations,Electrical engineers discovered that smart utility meters contain integrated microphones and directional antennas capable of capturing household conversations within a fifty meter radius during peak hours.,fake
BREAKING: Secret Tunnel Network Connects Every Capital,Declassified maps reveal an ancient underground tunnel system linking world capitals used by elites for centuries. Archaeologists who attempted to study these tunnels have reportedly vanished under mysterious circumstances without explanation.,fake
Regional Sports Team Wins Championship in Overtime Victory,The regional basketball franchise secured its first championship title in thirty years through an overtime victory featuring exceptional defensive performance and strategic coaching adjustments during the final quarter.,real
LEAKED: Military Training AI to Replace Judges,Leaked procurement documents show defense contractors developing judicial decision support systems that analyze defendant social media history to recommend sentences without human judicial review processes.,fake
EXPOSED: Government Using Chemtrails to Control Weather,Environmental activists have obtained documents suggesting government agencies are actively spraying chemicals from commercial aircraft to manipulate weather patterns and control agricultural production across rural communities nationwide.,fake
BOMBSHELL: Global Warming is a Profit Scheme,Climatologists who questioned temperature data adjustment methodologies report losing research funding and professional positions after publishing peer reviewed papers challenging consensus climate projection models.,fake
Banking Regulators Finalize Capital Reserve Requirements,Banking regulatory agencies finalized revised capital reserve requirements for financial institutions incorporating stress testing parameters and liquidity coverage ratios to enhance systemic stability provisions.,real
Transit Authority Introduces Contactless Payment Systems,Metropolitan transit authorities completed rollout of contactless fare payment systems allowing passengers to use mobile devices and bank cards for seamless boarding across bus and rail networks.,real
Telecommunications Commission Allocates Spectrum for Networks,Telecommunications regulators allocated additional frequency spectrum bands to support fifth generation network deployment while establishing interference protection protocols for existing satellite and broadcast services.,real
Olympic Committee Selects Host City for Future Games,International olympic committee delegates voted to select the host city for the upcoming summer games following evaluation of venue proposals transportation plans and environmental sustainability commitments.,real
Meteorological Center Issues Severe Weather Advisories,National meteorological centers issued severe weather advisories warning of approaching frontal systems capable of producing damaging winds heavy precipitation and isolated tornado activity across multiple states.,real
HIDDEN: Ancient Pyramid Found in Antarctica,Satellite imagery reveals a four-sided pyramid structure protruding through Antarctic ice sheets that predates known human civilization by tens of thousands of years according to preliminary geological surveys.,fake
Space Agency Successfully Launches Communications Satellite,The national space agency successfully launched a next generation communications satellite into geostationary orbit using a heavy lift launch vehicle from the coastal spaceport facility during optimal weather conditions.,real
Aviation Regulators Certify New Aircraft Safety Systems,Civil aviation regulatory agencies completed certification reviews for new collision avoidance systems and automated flight control features intended for integration into next generation commercial aircraft platforms.,real
SHOCKING: WiFi Signals Cause Honeybee Extinction,Entomologists present evidence that wireless communication frequencies interfere with honeybee navigation systems causing colony collapse disorder despite industry claims that electromagnetic radiation poses no biological threat.,fake
Physics Laboratory Observes Subatomic Particle Behavior,Particle physics researchers observed anomalous behavior in subatomic particle decay patterns using high energy collision data generated by the national accelerator laboratory research complex.,real
Technology Company Announces New Quantum Computing Breakthrough,Researchers at a leading technology firm demonstrated a quantum processor capable of performing calculations that would require conventional supercomputers several millennia to complete using stable qubit architectures.,real
